{
  "name": "dnd5-cheatsheet",
  "title": "DnD5 Cheatsheet",
  "description": "A simple module that provide player cheatsheet.",
  "author": "Nehorim",
  "version": "0.0.2",
  "minimumCoreVersion": "0.7.9",
  "compatibleCoreVersion": "0.7.9",
  "system": "dnd5e",
  "styles": ["./styles/dnd5-cheatsheet.css"],
  "packs": [
      {
        "name": "dnd5-cheatsheet",
        "label": "DnD5 Cheatsheet",
        "system": "dnd5e",
        "path": "./packs/dnd5-cheatsheet.db",
        "entity": "JournalEntry"
      }
  ],
  "esmodules": [
    "scripts/babele-register.js",
    "module/controls.js"
  ],
  "languages": [
    {
      "lang": "en",
      "name": "English",
      "path": "lang/en.json"
    },
    {
      "lang": "fr",
      "name": "Français",
      "path": "lang/fr.json"
    }
  ],
  "url": "https://github.com/pchouzenoux/foundryvtt-dnd5-cheatsheet",
  "manifest": "https://raw.githubusercontent.com/pchouzenoux/foundryvtt-dnd5-cheatsheet/main/dist/module.json",
	"download": "https://raw.githubusercontent.com/pchouzenoux/foundryvtt-dnd5-cheatsheet/main/dist/dnd5-cheatsheet-0.0.2.zip",
  "dependencies": [
    {
      "name": "babele",
      "type": "module",
      "manifest": "https://gitlab.com/riccisi/foundryvtt-babele/-/blob/master/module/module.json",
      "version": "1.28"
    }, 
    {
      "name": "dnd5e",
      "type": "system"
    }
  ]
}
